Player,Squad,Age,Born,90s,Touches,Def Pen,Def 3rd,Mid 3rd,Att 3rd,Att Pen,Live,Succ,Att,Succ%,#Pl,Megs,Carries,TotDist,PrgDist,Prog,1/3,CPA,Mis,Dis,Targ,Rec,Rec%,Prog
Andrea Adorante,Parma,20,2000,0.1,2,0,1,2,0,0,2,0,1,0.0,0,0,2,0,0,0,0,0,0,1,1,1,100.0,0
Kevin Agudelo,Spezia,21,1998,15.1,564,5,66,286,280,59,548,40,70,57.1,45,2,404,2721,1692,76,33,18,36,34,574,365,63.6,80
Keita BaldÃ©,Sampdoria,25,1995,13.3,499,6,23,225,286,88,481,14,26,53.8,14,0,356,1870,1096,61,16,22,42,22,739,403,54.5,135
Andrea Belotti,Torino,26,1993,32.1,1220,25,90,632,604,161,1164,51,94,54.3,51,1,845,4593,2927,162,71,22,90,62,1578,907,57.5,228
Federico Bonazzoli,Sampdoria,23,1997,1.5,39,0,3,24,17,5,37,2,2,100.0,2,0,28,258,156,6,3,1,1,3,41,25,61.0,10
Federico Bonazzoli,Torino,23,1997,6.3,234,3,16,124,108,27,219,5,11,45.5,5,0,162,661,217,11,5,2,12,9,255,165,64.7,55
Jayden Braaf,Udinese,17,2002,1.3,45,1,3,15,29,9,45,4,5,80.0,4,1,34,203,79,4,1,0,4,3,56,33,58.9,16
Felipe Caicedo,Lazio,31,1988,10.3,383,4,33,191,182,58,375,13,17,76.5,13,1,249,970,449,20,6,6,23,18,469,300,64.0,88
Francesco Caputo,Sassuolo,32,1987,18.9,567,4,36,267,280,123,517,5,9,55.6,5,1,346,1069,472,30,7,13,37,13,815,450,55.2,175
Samu Castillejo,Milan,25,1995,13.1,631,13,93,301,297,46,607,24,43,55.8,27,2,509,3199,1637,75,26,13,19,26,591,446,75.5,57
Alberto Cerri,Cagliari,24,1996,4.1,231,10,21,93,125,40,226,8,12,66.7,8,0,136,530,194,14,4,3,20,12,291,172,59.1,65
Antonio Cioffi,Napoli,17,2002,0.1,13,0,4,7,3,0,13,0,0,,0,0,8,44,11,1,0,0,0,0,11,9,81.8,3
Lorenzo Colombo,Milan,18,2002,1.0,26,2,5,11,13,5,26,0,1,0.0,0,0,14,89,52,4,1,1,2,3,32,14,43.8,0
Andreas Cornelius,Parma,27,1993,21.1,811,26,81,439,326,94,771,14,21,66.7,14,1,405,1724,559,36,9,8,64,29,1129,629,55.7,178
JoaquÃ­n Correa,Lazio,25,1994,21.5,1034,11,72,444,600,149,990,33,70,47.1,37,3,798,3948,2343,132,39,16,75,57,1164,837,71.9,246
Kiril Despodov,Cagliari,23,1996,0.1,3,0,0,2,1,0,3,0,1,0.0,0,0,1,0,0,0,0,0,0,0,5,1,20.0,1
Mattia Destro,Genoa,29,1991,17.8,498,9,47,277,203,78,471,22,45,48.9,25,2,291,1121,538,29,7,6,49,31,763,351,46.0,98
Gerard Deulofeu,Udinese,26,1994,6.6,315,5,28,102,206,45,287,10,21,47.6,10,0,248,1576,1120,71,9,22,15,9,345,238,69.0,50
Samuel Di Carmine,Hellas Verona,31,1988,5.6,221,6,14,120,94,32,210,1,1,100.0,1,0,130,602,214,16,4,4,20,12,331,177,53.5,66
Samuel Di Carmine,Crotone,31,1988,5.3,158,6,19,89,56,12,146,0,1,0.0,0,0,79,274,89,4,3,1,13,8,248,117,47.2,34
Amadou Diambo,Benevento,19,2001,0.0,9,0,0,7,3,0,9,2,3,66.7,2,0,10,31,2,0,0,0,0,0,9,8,88.9,0
Paulo Dybala,Juventus,26,1993,12.6,892,3,67,402,477,67,800,27,43,62.8,27,3,615,3068,1505,91,29,12,37,26,825,698,84.6,119
Edin DÅ¾eko,Roma,34,1986,20.3,771,19,38,360,420,140,729,25,52,48.1,28,2,471,2350,1288,78,25,20,61,42,1011,607,60.0,201
Diego Farias,Spezia,30,1990,16.8,799,6,88,369,391,81,786,24,33,72.7,27,0,617,3218,1687,104,21,28,27,12,837,659,78.7,106
Andrea Favilli,Hellas Verona,23,1997,3.8,163,3,7,76,87,27,158,3,9,33.3,4,0,115,396,143,7,2,4,18,24,256,132,51.6,62
Manolo Gabbiadini,Sampdoria,28,1991,9.7,311,6,40,159,131,30,305,5,8,62.5,5,1,206,920,468,29,10,5,17,6,415,247,59.5,50
Adolfo Gaich,Benevento,21,1999,8.5,261,4,16,142,120,39,254,9,20,45.0,11,4,139,560,242,12,5,2,25,13,409,187,45.7,65
Andrey Galabinov,Spezia,31,1988,4.8,157,5,12,87,65,16,137,3,3,100.0,3,0,85,385,206,8,3,2,16,12,207,110,53.1,34
Gervinho,Parma,33,1987,22.5,748,5,61,313,443,110,729,43,82,52.4,49,5,629,4072,2445,139,36,43,43,45,938,591,63.0,159
Emmanuel Gyasi,Spezia,26,1994,31.7,1244,22,141,597,606,114,1235,37,52,71.2,37,5,997,5184,2342,130,34,37,74,51,1545,975,63.1,197
Zlatan IbrahimoviÄ‡,Milan,38,1981,16.6,759,32,37,333,428,148,707,15,23,65.2,15,0,432,1831,1102,65,30,9,31,19,934,589,63.1,142
Ciro Immobile,Lazio,30,1990,31.7,1241,10,116,475,722,231,1209,32,49,65.3,37,2,882,4428,2282,128,35,36,76,58,1621,993,61.3,304
Roberto Inglese,Parma,28,1991,6.4,207,5,30,114,74,18,195,6,6,100.0,6,0,132,414,102,5,1,1,27,26,300,150,50.0,42
Lorenzo Insigne,Napoli,29,1991,31.8,2279,26,283,1078,1107,180,2104,59,99,59.6,61,4,1677,9681,5972,317,90,52,49,58,2063,1742,84.4,213
Nikola KaliniÄ‡,Hellas Verona,32,1988,11.8,354,6,16,179,179,56,326,6,11,54.5,7,1,242,819,286,18,8,3,31,15,648,271,41.8,101
Augustus Kargbo,Crotone,20,1999,0.4,17,0,1,6,10,0,17,0,1,0.0,0,0,12,10,0,0,0,0,3,3,19,14,73.7,8
Christian KouamÃ©,Fiorentina,22,1997,11.1,487,5,32,228,251,63,470,15,22,68.2,16,0,325,1114,381,19,6,8,42,37,620,378,61.0,124
Viktor Kovalenko,Atalanta,24,1996,0.0,5,1,3,2,0,0,5,0,0,,0,0,2,1,1,0,0,0,1,0,6,3,50.0,1
Antonino La Gumina,Sampdoria,24,1996,3.8,131,6,12,47,75,24,125,4,5,80.0,4,0,80,352,189,12,2,5,17,7,232,92,39.7,36
Gianluca Lapadula,Benevento,30,1990,28.5,819,19,57,370,441,181,761,13,18,72.2,13,1,470,2395,1369,79,27,25,72,45,1232,565,45.9,227
Kevin Lasagna,Udinese,27,1992,12.3,354,8,28,138,203,77,336,7,16,43.8,8,1,209,1085,422,28,7,9,28,14,487,240,49.3,96
Kevin Lasagna,Hellas Verona,27,1992,14.1,443,9,30,221,225,69,414,7,19,36.8,10,0,262,1437,783,39,16,10,49,32,763,315,41.3,125
Rafael LeÃ£o,Milan,21,1999,21.4,712,16,73,315,396,121,689,35,55,63.6,36,1,493,3702,2309,106,34,32,54,25,907,543,59.9,159
Fernando Llorente,Udinese,35,1985,7.9,310,18,46,163,106,32,294,3,5,60.0,3,0,153,413,90,5,1,0,27,11,420,223,53.1,50
Hirving Lozano,Napoli,25,1995,21.8,962,13,103,341,591,150,949,28,56,50.0,29,1,736,5276,3397,197,31,55,41,44,971,709,73.0,192
Romelu Lukaku,Inter,27,1993,32.0,1172,37,65,512,668,239,1113,38,69,55.1,40,2,824,3785,2355,120,46,42,88,62,1569,934,59.5,387
Mario MandÅ¾ukiÄ‡,Milan,34,1986,2.4,74,4,11,36,30,7,72,0,0,,0,0,21,111,50,1,1,0,1,1,92,51,55.4,7
Lautaro MartÃ­nez,Inter,22,1997,28.5,1027,15,92,422,572,208,1012,37,73,50.7,42,1,667,2712,1594,79,24,31,85,55,1196,743,62.1,269
Giuseppe Mastinu,Spezia,28,1991,0.4,19,0,0,16,4,1,19,1,2,50.0,1,0,10,28,3,0,0,0,1,0,20,12,60.0,3
Borja Mayoral,Roma,23,1997,17.2,525,5,26,245,289,88,496,15,25,60.0,16,1,390,1726,846,45,20,14,35,31,869,429,49.4,148
Gabriele Moncini,Benevento,24,1996,4.0,135,4,8,90,43,13,130,3,4,75.0,3,0,74,326,111,5,2,1,19,8,175,107,61.1,33
Ãlvaro Morata,Juventus,27,1992,22.4,894,24,73,426,455,148,861,27,42,64.3,27,4,580,3025,1715,74,33,18,62,39,1054,688,65.3,228
Luis Muriel,Atalanta,29,1991,16.0,1030,6,52,382,661,149,940,55,96,57.3,57,10,761,4014,2206,127,39,34,53,47,1149,781,68.0,246
Vedat Muriqi,Lazio,26,1994,9.2,388,19,45,166,191,76,386,6,11,54.5,7,0,225,877,250,13,3,4,27,17,519,302,58.2,103
Ilija Nestorovski,Udinese,30,1990,7.8,285,6,31,130,138,45,273,4,8,50.0,7,1,178,481,193,7,7,0,8,8,341,200,58.7,59
Simeon Nwankwo,Crotone,28,1992,32.7,1133,63,113,654,402,133,1037,32,48,66.7,33,1,654,1842,765,46,14,9,112,74,1452,774,53.3,233
M'Bala Nzola,Spezia,23,1996,21.1,778,21,42,402,370,108,718,22,35,62.9,23,1,519,2393,832,46,17,13,88,52,1169,543,46.4,183
Stefano Okaka,Udinese,30,1989,16.5,505,27,57,263,200,74,472,16,22,72.7,17,0,330,1374,406,20,6,5,50,33,694,356,51.3,120
Victor Osimhen,Napoli,21,1998,17.5,476,10,23,196,287,110,465,16,25,64.0,18,2,298,1845,1029,58,18,24,41,28,731,341,46.6,121
Rodrigo Palacio,Bologna,38,1982,27.8,1332,32,90,604,730,172,1262,43,75,57.3,46,2,951,5712,3014,168,41,47,75,62,1653,1057,63.9,315
Leonardo Pavoletti,Cagliari,31,1988,17.6,613,36,87,313,224,84,595,3,6,50.0,4,0,296,915,223,10,2,3,47,11,870,451,51.8,88
Graziano PellÃ¨,Parma,35,1985,6.8,277,8,24,146,115,39,262,1,4,25.0,2,1,144,371,40,2,1,2,13,16,357,221,61.9,67
Andrea Petagna,Napoli,25,1995,10.7,343,11,38,154,176,92,327,7,13,53.8,8,1,231,1374,516,28,6,18,18,12,453,261,57.6,81
Roberto Piccoli,Spezia,19,2001,7.8,258,7,13,123,132,37,236,2,4,50.0,2,0,135,504,224,11,6,1,42,14,369,173,46.9,66
Andrea Pinamonti,Inter,21,1999,1.9,80,2,12,29,43,11,79,2,2,100.0,2,0,53,162,49,4,1,2,8,5,90,63,70.0,22
Matteo Politano,Napoli,26,1993,21.2,1133,24,140,430,665,83,1052,38,61,62.3,42,0,871,6316,3805,198,46,32,37,30,1015,847,83.4,121
Ignacio Pussetto,Udinese,24,1995,8.4,320,10,35,134,183,51,310,13,21,61.9,14,1,217,1236,790,32,13,10,21,21,323,203,62.8,66
Fabio Quagliarella,Sampdoria,37,1983,24.5,792,14,82,390,361,106,736,16,31,51.6,18,3,488,1877,841,45,11,9,49,36,1181,580,49.1,200
Simone Rabbi,Bologna,18,2001,0.4,19,0,3,11,9,2,17,0,0,,0,0,15,95,48,1,1,0,3,4,24,14,58.3,9
Antonio Raimondo,Bologna,16,2004,0.0,1,0,0,0,1,0,1,0,0,,0,0,0,0,0,0,0,0,0,0,0,0,,0
Ante RebiÄ‡,Milan,26,1993,19.7,734,19,55,219,493,126,714,25,47,53.2,26,2,470,2282,1417,86,16,23,48,44,814,522,64.1,167
Franck RibÃ©ry,Fiorentina,37,1983,23.9,1224,6,89,661,603,102,1206,61,97,62.9,66,2,1096,6070,3208,189,62,37,52,103,1210,992,82.0,130
Federico Ricci,Sassuolo,26,1994,0.0,5,0,0,4,2,0,5,0,0,,0,0,4,11,5,1,0,0,1,0,6,5,83.3,0
Cristiano Ronaldo,Juventus,35,1985,31.1,1462,19,75,675,846,213,1398,58,90,64.4,59,2,1075,6441,4188,265,85,59,54,45,1678,1207,71.9,291
Alexis Saelemaekers,Milan,21,1999,22.4,1154,14,163,492,567,61,1138,44,66,66.7,45,1,790,4076,2125,105,32,9,42,30,1073,835,77.8,134
Antonio Sanabria,Torino,24,1996,10.9,387,7,28,209,178,42,378,9,19,47.4,10,2,272,1418,549,27,8,5,25,20,547,301,55.0,63
Alexis SÃ¡nchez,Inter,31,1988,12.7,718,2,69,313,389,84,681,28,41,68.3,29,1,549,2668,1090,67,21,13,36,36,734,557,75.9,148
Federico Santander,Bologna,29,1991,0.4,26,0,1,8,17,10,25,0,0,,0,0,14,49,10,1,0,1,1,1,27,20,74.1,6
Riccardo Saponara,Fiorentina,28,1991,0.6,47,0,5,29,21,1,46,0,0,,0,0,35,177,84,5,4,0,1,2,46,39,84.8,6
Gianluca Scamacca,Genoa,21,1999,15.0,559,18,61,275,256,64,540,14,23,60.9,14,1,330,1606,838,42,16,7,40,33,717,393,54.8,102
Eldor Shomurodov,Genoa,25,1995,18.6,735,15,76,358,350,81,723,17,41,41.5,20,1,456,2095,1116,45,20,9,67,36,1061,542,51.1,161
Luca Siligardi,Parma,32,1988,0.4,28,0,2,9,17,3,25,0,2,0.0,0,0,14,45,15,1,0,0,2,1,19,18,94.7,8
Giovanni Simeone,Cagliari,25,1995,19.3,572,19,64,281,254,83,531,21,26,80.8,22,2,335,1604,677,39,12,11,47,29,798,362,45.4,123
Mattia Sprocati,Parma,27,1993,0.2,5,0,1,3,1,0,5,0,0,,0,0,1,3,0,0,0,0,0,0,4,4,100.0,0
Ernesto Torregrossa,Sampdoria,28,1992,1.9,73,1,5,25,45,11,70,2,6,33.3,3,0,46,180,78,4,2,1,5,7,102,51,50.0,15
Daniele Verde,Spezia,24,1996,10.9,504,9,54,211,274,59,471,10,16,62.5,10,1,371,2311,1069,80,13,16,11,12,498,377,75.7,58
Edoardo Vergani,Bologna,19,2001,0.1,3,0,0,2,1,0,3,0,0,,0,0,3,1,0,0,0,0,1,0,3,3,100.0,1
DuÅ¡an VlahoviÄ‡,Fiorentina,20,2000,32.5,1077,15,73,513,566,157,1041,36,68,52.9,38,0,717,2949,1352,69,30,15,95,100,1657,835,50.4,268
DuvÃ¡n Zapata,Atalanta,29,1991,26.4,1276,23,61,449,837,274,1225,40,91,44.0,47,2,990,4715,2414,149,36,54,108,93,1670,1043,62.5,404
Simone Zaza,Torino,29,1991,16.6,560,7,43,252,289,91,545,9,21,42.9,12,3,323,1053,371,24,8,7,52,22,817,414,50.7,107
Musa Barrow,Bologna,21,1998,32.5,1599,24,171,726,820,144,1475,36,78,46.2,45,2,1072,5800,3096,187,55,26,98,63,1791,1205,67.3,265
Domenico Berardi,Sassuolo,25,1994,27.5,1684,43,206,661,936,125,1580,30,57,52.6,30,7,1228,7310,4061,223,58,33,47,42,1484,1241,83.6,200
Jeremie Boga,Sassuolo,23,1997,19.8,1045,23,148,449,564,81,1023,83,145,57.2,91,5,925,5510,3036,166,53,24,45,50,1081,862,79.7,121
Juan Brunetta,Parma,23,1997,5.3,263,1,24,154,103,17,239,17,24,70.8,18,1,204,1270,618,32,10,2,18,9,265,188,70.9,40
JosÃ© CallejÃ³n,Fiorentina,33,1987,7.4,337,9,32,171,158,17,317,5,7,71.4,5,1,235,1061,544,31,12,1,6,10,320,246,76.9,39
Ebrima Colley,Hellas Verona,20,2000,8.2,395,3,34,190,215,33,391,16,26,61.5,17,2,309,1815,945,49,26,5,27,27,450,301,66.9,74
Patrick Cutrone,Fiorentina,22,1998,2.2,81,1,3,41,41,7,78,0,1,0.0,0,0,53,287,112,6,0,1,3,9,103,58,56.3,26
GrÃ©goire Defrel,Sassuolo,29,1991,14.9,568,8,58,275,279,59,552,13,24,54.2,15,0,405,2319,1045,55,21,2,25,22,597,419,70.2,108
Jacopo Dezi,Parma,28,1992,0.9,55,0,5,31,21,2,47,1,2,50.0,1,0,29,95,21,2,1,0,0,2,42,35,83.3,6
Giuseppe Di Serio,Benevento,19,2001,3.2,119,3,14,54,59,11,117,4,4,100.0,4,0,79,476,286,15,5,3,10,11,165,90,54.5,18
Denis DrÄƒguÈ™,Crotone,21,1999,2.0,107,0,8,51,57,4,106,6,8,75.0,7,1,83,401,156,7,5,0,12,8,114,82,71.9,21
Fernando Forestieri,Udinese,30,1990,6.1,279,1,28,125,141,28,270,12,16,75.0,13,0,205,915,388,20,7,1,14,9,286,199,69.6,38
Papu GÃ³mez,Atalanta,32,1988,7.4,516,4,51,282,240,21,484,22,30,73.3,22,0,416,2923,1618,86,36,3,8,10,471,406,86.2,40
LukÃ¡Å¡ HaraslÃ­n,Sassuolo,24,1996,3.7,202,6,32,74,116,23,181,7,13,53.8,8,0,141,764,490,28,7,5,5,8,174,138,79.3,42
Josip IliÄiÄ‡,Atalanta,32,1988,17.0,1303,2,68,552,793,109,1238,56,88,63.6,58,6,1105,5966,3374,205,68,36,49,64,1345,1091,81.1,205
Hamed Junior TraorÃ¨,Sassuolo,20,2000,19.9,1117,18,168,519,522,69,1048,45,69,65.2,49,8,829,4437,2390,118,40,10,41,41,1015,808,79.6,116
Yann Karamoh,Parma,22,1998,14.4,542,14,85,263,259,49,537,37,55,67.3,39,2,438,2526,1647,74,29,13,35,28,583,393,67.4,107
Justin Kluivert,Roma,21,1999,0.2,14,0,3,6,9,0,13,0,0,,0,0,8,94,69,4,3,0,1,1,12,7,58.3,2
Aleksandr Kokorin,Fiorentina,29,1991,1.0,35,0,3,17,17,1,32,0,0,,0,0,18,73,42,2,2,0,2,0,42,25,59.5,12
Sam Lammers,Atalanta,23,1997,3.2,178,5,10,70,104,32,175,16,20,80.0,17,0,150,426,217,14,4,5,16,11,216,146,67.6,53
Fernando Llorente,Napoli,35,1985,0.6,31,0,1,8,22,12,31,1,2,50.0,1,0,19,44,15,1,0,0,3,1,41,26,63.4,14
Daniel Maldini,Milan,18,2001,0.3,21,0,4,8,12,1,21,1,1,100.0,1,0,15,95,80,2,1,0,1,0,21,15,71.4,3
Ruslan Malinovskyi,Atalanta,27,1993,20.8,1443,9,114,622,819,83,1330,53,84,63.1,56,3,1130,6078,3364,194,61,20,45,61,1320,1110,84.1,207
Dennis Man,Parma,21,1998,7.8,348,6,53,170,159,32,346,13,17,76.5,13,2,248,1586,854,41,16,4,17,14,336,259,77.1,56
Dries Mertens,Napoli,33,1987,16.2,638,9,49,243,371,91,571,13,25,52.0,14,1,392,1682,966,65,14,8,14,11,649,448,69.0,129
Valentin Mihaila,Parma,20,2000,7.8,298,9,43,128,158,38,290,14,26,53.8,16,0,213,1456,819,37,14,7,26,7,327,217,66.4,59
Vincenzo Millico,Torino,19,2000,0.2,11,0,0,6,5,0,10,0,1,0.0,0,0,8,49,18,1,0,0,0,0,9,8,88.9,1
Aleksei Miranchuk,Atalanta,24,1995,7.5,510,2,38,226,289,41,493,16,26,61.5,16,1,399,2066,948,65,23,10,13,17,480,382,79.6,84
Henrikh Mkhitaryan,Roma,31,1989,30.5,1587,17,173,790,778,160,1559,46,76,60.5,47,4,1067,6563,4287,199,87,42,32,44,1515,1175,77.6,246
Riccardo Orsolini,Bologna,23,1997,19.5,993,28,179,419,460,77,909,39,66,59.1,43,4,670,3343,2026,110,25,14,39,33,896,689,76.9,120
Adam Ounas,Crotone,23,1996,13.3,660,5,84,383,288,48,628,46,68,67.6,48,3,553,3371,2133,79,42,15,23,40,638,497,77.9,71
Goran Pandev,Genoa,37,1983,15.6,630,8,66,335,262,60,608,12,21,57.1,12,1,468,2017,911,44,15,6,48,34,764,470,61.5,132
Javier Pastore,Roma,31,1989,0.9,68,0,9,41,19,0,68,2,2,100.0,2,0,49,231,120,8,0,0,2,1,57,54,94.7,8
Pedro,Roma,33,1987,17.7,843,8,92,453,378,60,827,27,42,64.3,28,2,681,4599,2284,126,46,11,37,17,843,683,81.0,124
JoÃ£o Pedro,Cagliari,28,1992,36.1,1383,47,160,663,629,162,1353,34,64,53.1,38,3,897,4330,1939,96,35,10,72,52,1604,1048,65.3,235
Carles PÃ©rez,Roma,22,1998,8.6,414,6,37,198,211,39,395,16,32,50.0,17,1,312,1861,998,50,21,12,16,18,415,311,74.9,57
Jens Petter Hauge,Milan,20,1999,5.9,261,5,28,102,147,26,256,14,20,70.0,15,0,197,851,433,20,6,2,10,12,274,196,71.5,43
Marko Pjaca,Genoa,25,1995,15.8,700,12,101,376,284,51,689,26,47,55.3,28,3,541,2897,1617,90,39,13,36,39,793,560,70.6,112
Manolo Portanova,Juventus,20,2000,0.8,40,1,12,20,12,2,39,0,0,,0,0,26,151,99,4,1,0,0,1,37,28,75.7,3
Giacomo Raspadori,Sassuolo,20,2000,13.7,497,18,46,186,289,72,428,15,27,55.6,15,1,341,1603,612,32,6,12,29,25,564,351,62.2,138
Emmanuel RiviÃ¨re,Crotone,30,1990,7.1,225,2,16,139,81,22,221,2,6,33.3,2,0,156,573,242,9,6,1,25,8,329,179,54.4,57
Eddy Salcedo,Hellas Verona,18,2001,8.4,380,6,41,175,185,37,367,10,17,58.8,12,0,244,1095,603,32,13,6,17,21,468,286,61.1,51
Nicola Sansone,Bologna,28,1991,13.0,750,16,109,345,352,58,698,26,46,56.5,30,2,568,2973,1619,91,28,18,27,32,674,536,79.5,78
Riccardo Saponara,Spezia,28,1991,4.3,181,10,32,79,85,21,179,8,12,66.7,8,0,149,961,582,34,6,8,9,3,199,140,70.4,16
Stephan El Shaarawy,Roma,27,1992,6.4,309,4,39,115,177,44,304,9,18,50.0,9,2,242,1595,911,51,17,12,8,6,329,238,72.3,55
MattÃ©o Tramoni,Cagliari,20,2000,0.8,34,1,11,12,11,0,34,0,2,0.0,0,0,20,42,15,0,0,0,2,4,17,13,76.5,2
Emanuel Vignato,Bologna,19,2000,13.4,840,22,142,393,365,36,777,23,37,62.2,24,0,619,3739,1959,90,33,14,13,18,728,599,82.3,49
Joshua Zirkzee,Parma,19,2001,1.3,47,1,5,25,19,5,45,3,3,100.0,3,0,20,71,36,4,0,1,4,1,70,27,38.6,9
Gennaro Acampora,Spezia,26,1994,4.9,290,8,33,172,115,8,286,5,12,41.7,7,1,219,1432,601,28,14,1,8,12,247,210,85.0,14
AntonÃ­n BarÃ¡k,Hellas Verona,25,1994,30.7,1603,60,248,952,517,89,1565,31,48,64.6,33,0,1055,6046,3011,136,60,17,31,34,1447,1107,76.5,114
Daniel Bessa,Hellas Verona,27,1993,6.8,373,4,39,183,179,15,366,2,7,28.6,3,1,281,1643,907,44,16,4,12,14,377,295,78.2,45
Hakan Ã‡alhanoÄŸlu,Milan,26,1994,29.0,1987,31,210,921,983,85,1733,35,57,61.4,36,3,1289,6999,3786,217,71,25,56,40,1705,1401,82.2,203
Gianluca Caprari,Benevento,27,1993,20.7,1008,11,139,458,505,85,889,46,95,48.4,51,5,753,4482,2306,112,31,18,48,57,922,662,71.8,137
Douglas Costa,Juventus,29,1990,0.5,28,0,4,15,11,0,24,0,0,,0,0,17,125,86,3,1,0,0,0,29,21,72.4,3
Mikkel Damsgaard,Sampdoria,20,2000,19.7,1048,18,162,486,477,65,1001,51,86,59.3,53,1,736,3487,2076,112,31,14,43,40,955,701,73.4,123
Brahim DÃ­az,Milan,20,1999,13.6,664,7,63,331,325,55,641,33,52,63.5,34,1,509,2648,1367,74,25,6,34,36,674,498,73.9,93
Elif Elmas,Napoli,20,1999,8.2,449,8,65,245,169,28,442,11,17,64.7,11,1,329,1642,831,43,18,7,10,13,442,351,79.4,37
Valentin Eysseric,Fiorentina,28,1992,8.1,449,12,68,226,181,17,427,4,11,36.4,6,2,312,1644,855,49,15,3,10,9,367,311,84.7,41
Iago Falque,Benevento,30,1990,4.0,258,3,22,133,128,18,239,6,11,54.5,7,2,201,1389,694,39,14,4,9,9,236,185,78.4,36
Amer Gojak,Torino,23,1997,5.3,308,3,30,159,139,12,282,6,12,50.0,6,0,225,1065,485,30,7,1,9,7,296,226,76.4,37
Roberto Insigne,Benevento,26,1994,17.8,795,18,109,367,377,68,743,15,26,57.7,16,0,575,3836,1880,94,27,14,28,21,754,573,76.0,115
Yayah Kallon,Genoa,19,2001,0.5,17,0,1,7,11,5,17,1,4,25.0,1,0,14,58,25,2,0,2,0,2,18,12,66.7,2
Rade KruniÄ‡,Milan,26,1993,8.0,363,15,84,206,93,15,355,6,10,60.0,6,0,222,1144,595,23,7,3,7,7,304,239,78.6,16
Juraj Kucka,Parma,33,1987,25.9,1272,53,229,718,389,61,1248,32,49,65.3,32,6,748,3555,1758,83,21,2,45,47,1122,892,79.5,145
Dejan Kulusevski,Juventus,20,2000,21.4,1047,7,126,450,565,143,1024,35,64,54.7,36,2,831,5630,3587,176,53,42,46,59,1048,792,75.6,166
KÃ©vin Malcuit,Napoli,29,1991,0.4,31,1,5,23,4,0,30,1,2,50.0,1,0,23,146,112,5,0,0,3,0,23,22,95.7,1
Junior Messias,Crotone,29,1991,35.7,1808,75,311,922,774,120,1708,93,154,60.4,100,7,1312,9466,6202,300,110,32,96,76,1708,1236,72.4,227
Brain Oddei,Sassuolo,17,2002,0.5,41,1,6,12,25,6,41,3,4,75.0,3,0,33,117,58,5,1,1,3,0,34,31,91.2,4
Adam Ounas,Cagliari,23,1996,3.4,182,0,27,89,88,10,178,20,27,74.1,20,0,148,666,396,23,9,2,7,14,158,130,82.3,26
Mario PaÅ¡aliÄ‡,Atalanta,25,1995,12.5,796,13,122,452,288,48,783,15,22,68.2,16,0,603,3174,1637,88,28,12,19,25,733,612,83.5,83
Lorenzo Pellegrini,Roma,24,1996,28.9,1846,41,246,1028,716,78,1627,34,64,53.1,39,3,1228,8205,4032,190,80,10,42,31,1520,1257,82.7,155
Andreas Pereira,Lazio,24,1996,6.0,362,5,43,174,170,18,323,11,18,61.1,11,0,259,1496,817,37,12,3,13,11,334,245,73.4,46
GastÃ³n Pereiro,Cagliari,25,1995,3.0,181,1,24,76,103,18,171,4,8,50.0,4,0,123,904,613,35,17,1,4,4,152,126,82.9,14
Roberto Pereyra,Udinese,29,1991,32.5,1648,46,261,803,731,129,1604,36,80,45.0,40,9,1252,7525,4255,219,72,27,58,80,1552,1222,78.7,195
GastÃ³n RamÃ­rez,Sampdoria,29,1990,10.8,666,21,91,316,292,28,604,17,28,60.7,18,0,413,1792,869,39,11,3,31,25,607,450,74.1,60
Luis Rojas,Crotone,18,2002,1.2,68,1,9,44,19,1,66,7,14,50.0,9,1,59,160,68,2,1,0,3,4,58,51,87.9,9
Marco Sau,Benevento,32,1987,8.7,360,4,52,173,168,40,317,7,9,77.8,7,0,239,1310,572,28,10,3,18,19,360,230,63.9,53
Riccardo Sottil,Cagliari,21,1999,13.2,544,5,68,260,310,58,530,38,51,74.5,40,1,480,4317,2919,110,53,19,20,39,538,400,74.3,75
Borja Valero,Fiorentina,35,1985,5.5,370,12,67,218,102,7,355,7,14,50.0,8,1,270,1542,737,34,4,1,7,10,320,270,84.4,14
Simone Verdi,Torino,28,1992,18.0,922,12,120,420,455,38,755,29,49,59.2,32,0,592,3697,1922,95,33,9,26,35,751,574,76.4,75
Mattia Zaccagni,Hellas Verona,25,1995,29.0,1384,31,165,616,733,112,1366,68,111,61.3,74,7,1058,6976,4112,216,73,32,67,83,1428,1030,72.1,238
Filip ÄuriÄiÄ‡,Sassuolo,28,1992,23.1,1239,18,134,563,652,108,1225,34,57,59.6,34,8,919,5137,2995,146,70,22,43,69,1213,983,81.0,170
Vittorio Parigini,Genoa,24,1996,0.6,35,1,4,7,26,0,29,1,2,50.0,1,0,23,214,132,9,1,0,1,1,29,21,72.4,4
Andreas Skov Olsen,Bologna,20,1999,13.1,719,20,130,279,359,64,683,15,35,42.9,18,0,496,2778,1605,93,24,22,17,16,655,521,79.5,63
Lucien Agoume,Spezia,18,2002,8.9,569,30,174,349,74,1,557,4,7,57.1,5,0,365,1663,646,17,4,1,2,11,397,372,93.7,8
Jean-Daniel Akpa-Akpro,Lazio,27,1992,11.7,518,22,122,291,143,24,500,20,27,74.1,20,4,333,1606,693,28,10,3,18,17,364,286,78.6,39
Luis Alberto,Lazio,27,1992,29.1,2262,19,336,1277,931,67,2015,50,83,60.2,57,7,1621,10877,7515,324,141,17,43,51,1821,1626,89.3,128
Sofyan Amrabat,Fiorentina,23,1996,27.1,1649,41,305,1158,308,12,1599,40,55,72.7,41,2,1239,7143,3062,108,35,1,18,54,1270,1175,92.5,50
Philip Ankhrah,Hellas Verona,17,2002,0.1,1,0,0,1,0,0,1,0,1,0.0,1,0,1,0,0,0,0,0,0,0,6,1,16.7,0
Tolgay Arslan,Udinese,29,1990,20.2,1103,29,264,675,272,24,1071,35,46,76.1,35,0,818,4795,2983,143,50,6,17,23,789,748,94.8,38
Kristoffer Askildsen,Sampdoria,19,2001,1.1,32,2,14,13,6,1,32,1,1,100.0,1,0,21,48,10,0,0,0,2,3,23,17,73.9,1
Milan Badelj,Genoa,31,1989,26.8,1908,96,526,1163,305,14,1848,29,38,76.3,29,0,1199,4576,2273,82,24,1,20,32,1283,1214,94.6,37
TiemouÃ© Bakayoko,Napoli,25,1994,21.8,1454,39,333,962,226,18,1435,22,27,81.5,22,1,951,3672,1537,53,16,1,19,20,1114,1064,95.5,31
NicolÃ² Barella,Inter,23,1997,32.2,2246,46,411,1220,803,60,2213,39,54,72.2,42,0,1695,9368,4845,208,86,14,41,41,1884,1711,90.8,151
Paolo Bartolomei,Spezia,30,1989,3.6,152,4,24,89,47,10,147,4,4,100.0,4,0,109,560,277,11,2,5,4,5,137,116,84.7,10
Daniele Baselli,Torino,28,1992,4.4,272,8,63,163,61,3,248,5,7,71.4,5,0,154,913,442,19,5,1,4,2,184,165,89.7,10
Valon Behrami,Genoa,35,1985,9.9,304,17,84,167,64,9,298,3,6,50.0,4,0,156,685,341,13,4,1,5,3,194,149,76.8,11
Ahmad Benali,Crotone,28,1992,13.5,907,49,261,504,193,32,855,10,16,62.5,10,0,619,2760,1177,48,21,3,15,22,719,643,89.4,53
IsmaÃ«l Bennacer,Milan,22,1997,14.7,1138,35,283,774,168,4,1110,28,35,80.0,30,0,847,4747,2291,82,26,1,12,18,854,819,95.9,19
Rodrigo Bentancur,Juventus,23,1997,25.8,2122,115,564,1303,385,15,2058,25,39,64.1,27,1,1457,6986,3313,99,40,4,16,23,1585,1509,95.2,35
Ãlex Berenguer,Torino,25,1995,1.5,66,4,8,37,30,1,63,2,4,50.0,3,1,45,319,230,9,6,0,2,3,56,46,82.1,8
Marco Bertini,Lazio,17,2002,0.1,4,1,2,2,0,0,4,0,0,,0,0,2,20,10,0,0,0,0,0,1,1,100.0,0
Giacomo Bonaventura,Fiorentina,30,1989,25.1,1243,36,214,661,465,47,1208,35,53,66.0,36,2,909,4764,2433,130,45,5,32,37,1068,860,80.5,94
Mehdi Bourabia,Sassuolo,28,1991,5.9,452,29,114,284,73,5,434,9,13,69.2,9,0,282,968,521,22,6,1,4,10,334,313,93.7,7
Edoardo Bove,Roma,18,2002,0.1,13,1,6,7,0,0,13,0,0,,0,0,9,59,41,1,0,0,0,0,9,9,100.0,0
Marcelo BrozoviÄ‡,Inter,27,1992,28.7,2518,131,658,1470,563,12,2378,11,17,64.7,12,1,1735,9060,4029,151,44,2,20,20,1956,1893,96.8,42
GastÃ³n Brugman,Parma,27,1992,18.0,1276,65,376,754,224,7,1165,16,20,80.0,18,1,760,4179,2212,72,18,2,8,10,862,825,95.7,20
Fabrizio Caligara,Cagliari,20,2000,2.0,98,8,29,44,30,1,91,1,4,25.0,1,0,46,174,84,4,2,0,1,5,68,55,80.9,2
Drissa Camara,Parma,18,2002,0.2,10,1,3,6,2,0,10,1,1,100.0,1,0,10,29,6,1,0,0,0,1,10,8,80.0,0
Antonio Candreva,Sampdoria,33,1987,27.8,1902,49,333,894,854,66,1685,31,57,54.4,34,5,1317,9010,5008,228,85,15,43,22,1617,1347,83.3,125
Giuseppe Caso,Genoa,21,1998,0.6,29,1,6,16,8,1,29,1,2,50.0,1,0,22,162,106,5,1,1,3,2,28,17,60.7,2
Gaetano Castrovilli,Fiorentina,23,1997,25.9,1134,36,181,534,520,65,1109,29,61,47.5,32,5,856,5118,3036,146,58,14,49,68,928,760,81.9,126
Danilo Cataldi,Lazio,25,1994,6.3,470,18,119,255,123,7,427,8,10,80.0,8,0,295,1637,809,33,9,1,5,1,342,323,94.4,16
Luca Cigarini,Crotone,34,1986,10.3,850,34,216,526,146,5,783,7,9,77.8,7,0,518,1974,1077,25,7,1,7,10,641,614,95.8,10
FÃ©lix Correia,Juventus,19,2001,0.1,8,0,3,3,4,0,7,0,0,,0,0,6,31,18,0,0,0,0,0,7,5,71.4,0
Mamadou Coulibaly,Udinese,21,1999,2.0,114,1,15,66,37,4,114,1,1,100.0,1,0,69,277,70,4,0,0,6,6,92,66,71.7,16
Wylan Cyprien,Parma,25,1995,4.6,342,20,109,190,57,2,317,1,2,50.0,1,0,206,884,451,17,1,0,3,3,253,238,94.1,4
Bryan Dabo,Benevento,28,1992,12.4,714,31,149,423,199,23,698,14,24,58.3,14,1,437,2732,1463,61,26,5,20,10,577,489,84.7,36
Ebrima Darboe,Roma,19,2001,3.6,285,8,75,194,35,0,284,3,4,75.0,3,0,222,1049,534,19,2,0,2,1,221,215,97.3,1
Rodrigo De Paul,Udinese,26,1994,35.6,2580,27,433,1349,1099,64,2345,112,167,67.1,114,2,2006,13381,7915,335,145,14,68,78,2155,1905,88.4,154
Alessandro Deiola,Spezia,24,1995,4.0,198,8,39,114,54,6,187,1,2,50.0,1,0,124,599,193,9,3,1,2,4,160,134,83.8,11
Alessandro Deiola,Cagliari,24,1995,6.8,303,21,96,149,70,3,302,2,2,100.0,2,1,178,958,376,14,2,0,7,6,199,180,90.5,11
Lorenzo Del Pinto,Benevento,30,1990,0.1,9,0,7,3,0,0,8,0,0,,0,0,4,5,0,0,0,0,0,1,10,6,60.0,0
Diego Demme,Napoli,28,1991,17.7,1419,55,326,888,283,24,1396,4,7,57.1,4,0,1024,4591,2131,102,33,3,8,19,1155,1089,94.3,28
Fabio Depaoli,Sampdoria,23,1997,0.9,24,2,3,6,17,1,24,0,1,0.0,0,0,17,94,48,2,1,0,2,0,28,16,57.1,4
Amad Diallo,Atalanta,18,2002,0.2,12,0,0,11,2,0,12,2,2,100.0,2,0,14,100,50,5,1,0,0,0,21,12,57.1,2
Amadou Diawara,Roma,23,1997,7.3,533,24,152,340,73,3,524,3,5,60.0,3,0,373,1869,834,35,9,1,1,5,394,384,97.5,7
NicolÃ¡s DomÃ­nguez,Bologna,22,1998,13.9,878,48,229,502,200,29,851,9,10,90.0,9,1,495,2650,1193,43,10,2,17,17,637,539,84.6,42
Alfred Duncan,Cagliari,27,1993,11.9,717,30,164,463,148,6,697,13,19,68.4,13,1,486,2495,1350,47,16,3,13,17,528,491,93.0,24
Alfred Duncan,Fiorentina,27,1993,1.8,102,1,15,71,23,1,97,5,5,100.0,5,1,69,295,102,4,0,0,1,2,71,69,97.2,1
Steeve-Mike Ebongue,Genoa,19,2001,0.6,32,1,11,16,8,0,32,0,0,,0,0,27,124,59,1,1,0,3,0,19,17,89.5,0
Albin Ekdal,Sampdoria,31,1989,25.5,1325,70,357,819,226,24,1277,22,25,88.0,23,0,741,3831,1909,76,18,1,12,21,830,742,89.4,34
Manu Emmanuel Gyabuaa,Atalanta,18,2001,0.0,2,0,1,1,0,0,2,0,0,,0,0,1,5,5,0,0,0,0,0,1,1,100.0,0
Christian Eriksen,Inter,28,1992,15.4,1162,28,249,583,412,28,1047,10,13,76.9,10,2,762,3546,1854,91,34,2,22,20,915,848,92.7,40
Gonzalo Escalante,Lazio,27,1993,8.1,569,20,159,372,71,3,561,8,9,88.9,8,0,345,1829,900,40,14,0,2,5,374,351,93.9,12
Nahuel EstÃ©vez,Spezia,24,1995,19.6,1085,34,134,594,411,35,1024,10,16,62.5,12,0,712,3543,1712,83,37,4,23,19,834,743,89.1,67
NicolÃ² Fagioli,Juventus,19,2001,0.2,21,2,5,14,2,0,20,2,2,100.0,2,0,20,93,57,2,0,0,0,0,18,17,94.4,1
Andri Fannar Baldursson,Bologna,18,2002,2.4,111,10,38,58,24,3,111,1,2,50.0,1,0,68,324,125,8,3,0,5,4,70,66,94.3,5
Remo Freuler,Atalanta,28,1992,30.1,2436,51,456,1491,661,54,2354,38,50,76.0,40,1,1788,9688,4893,233,76,9,35,40,1848,1714,92.7,68
Roberto Gagliardini,Inter,26,1994,13.7,743,29,152,420,217,39,729,7,11,63.6,8,1,496,2698,1346,67,20,4,13,9,615,552,89.8,43
Tomislav Gomelt,Crotone,25,1995,0.2,21,2,7,12,2,0,20,0,0,,0,0,12,69,30,2,0,0,0,2,16,15,93.8,1
Eduardo Henrique,Crotone,25,1995,10.3,486,15,106,302,109,12,480,10,14,71.4,11,0,339,1775,886,33,8,1,13,14,415,349,84.1,23
Hernani,Parma,26,1994,24.3,1385,53,296,811,369,30,1292,39,53,73.6,41,1,818,4773,2391,93,30,5,35,37,1043,904,86.7,75
PÃ«rparim Hetemaj,Benevento,33,1986,24.6,1151,37,314,635,288,23,1131,13,22,59.1,14,3,759,4023,1681,72,28,0,27,24,836,717,85.8,59
Ivan IliÄ‡,Hellas Verona,19,2001,20.4,1325,38,238,892,281,19,1251,30,37,81.1,31,0,912,5008,2518,100,24,5,18,24,955,880,92.1,37
Artur IoniÈ›Äƒ,Benevento,29,1990,31.5,1033,55,251,601,251,38,1014,20,30,66.7,21,0,576,3290,1537,60,27,2,23,26,797,572,71.8,64
Mato Jajalo,Udinese,32,1988,0.4,36,2,12,21,3,0,34,0,0,,0,0,19,83,36,1,0,0,0,0,23,23,100.0,0
Jakub Jankto,Sampdoria,24,1996,26.8,1174,43,243,547,465,87,1128,11,27,40.7,11,2,783,4221,2273,98,37,18,30,36,1033,797,77.2,117
Franck KessiÃ©,Milan,23,1996,35.8,2440,122,645,1477,494,97,2382,48,61,78.7,50,1,1695,9351,4343,166,47,6,46,41,1906,1743,91.4,83
MÃ¡rk Kosznovszky,Parma,18,2002,1.0,46,1,9,21,18,1,46,0,0,,0,0,25,148,69,2,1,0,1,0,35,30,85.7,2
Jasmin KurtiÄ‡,Parma,31,1989,30.4,1705,83,378,1011,426,41,1628,16,28,57.1,19,1,1083,6381,3101,138,48,1,22,13,1312,1170,89.2,55
Lucas Leiva,Lazio,33,1987,23.7,1710,79,509,1080,210,11,1661,6,14,42.9,6,0,1017,4995,2600,89,27,0,7,15,1159,1106,95.4,22
Lukas Lerager,Genoa,27,1993,12.9,620,32,143,347,153,11,606,10,16,62.5,10,0,364,1370,585,25,10,1,13,8,447,368,82.3,28
Karol Linetty,Torino,25,1995,20.4,939,38,222,527,258,35,913,15,31,48.4,17,0,642,3154,1849,75,20,6,29,31,740,623,84.2,65
Stanislav Lobotka,Napoli,25,1994,1.7,135,1,27,102,15,1,134,2,3,66.7,2,0,99,562,214,7,3,0,0,0,122,114,93.4,2
Manuel Locatelli,Sassuolo,22,1998,32.0,3167,163,731,2034,577,60,3072,24,36,66.7,26,0,2214,9257,4824,189,51,9,28,43,2588,2464,95.2,64
Maxime Lopez,Sassuolo,22,1997,20.7,1845,47,300,1208,459,20,1793,16,26,61.5,18,2,1394,6656,3128,130,46,3,15,12,1673,1567,93.7,49
SaÅ¡a LukiÄ‡,Torino,23,1996,23.4,1040,23,164,592,376,45,1014,23,41,56.1,25,1,734,4637,2484,108,51,8,25,30,931,705,75.7,84
Giulio Maggiore,Spezia,22,1998,24.6,1132,37,202,624,380,76,1109,17,37,45.9,21,1,682,3322,1875,102,34,9,37,27,889,734,82.6,105
Francesco Magnanelli,Sassuolo,35,1984,4.9,466,35,118,311,48,0,457,1,2,50.0,1,0,303,1098,522,15,2,0,1,0,352,341,96.9,3
Jean-Victor Makengo,Udinese,22,1998,5.8,270,10,60,156,79,10,268,6,8,75.0,6,0,194,1136,623,30,12,3,5,18,218,186,85.3,19
Rolando Mandragora,Udinese,23,1997,4.4,219,9,60,109,61,8,215,3,3,100.0,3,0,133,582,351,13,2,2,3,8,185,143,77.3,15
Rolando Mandragora,Torino,23,1997,16.9,886,32,193,502,227,22,805,10,16,62.5,11,1,493,1905,951,31,13,1,12,6,558,499,89.4,26
RÄƒzvan Marin,Cagliari,24,1996,32.9,1981,54,419,1114,609,44,1761,32,59,54.2,34,2,1275,7905,3936,156,63,12,31,39,1460,1296,88.8,85
Ryder Matos,Udinese,27,1993,0.1,9,0,0,5,6,1,9,0,0,,0,0,8,105,90,4,2,0,0,1,9,9,100.0,1
Weston McKennie,Juventus,21,1998,18.9,1000,37,183,516,354,81,980,13,22,59.1,16,0,611,2935,1593,65,28,6,29,28,894,707,79.1,136
Soualiho MeÃ¯tÃ©,Milan,26,1994,6.5,369,18,97,218,79,5,360,13,16,81.3,13,0,233,1276,733,29,9,0,2,7,250,222,88.8,13
Soualiho MeÃ¯tÃ©,Torino,26,1994,10.2,493,12,124,272,119,10,492,24,36,66.7,24,0,362,1625,823,29,9,0,16,17,403,355,88.1,26
Arthur Melo,Juventus,23,1996,12.9,1168,50,324,719,224,10,1148,16,18,88.9,16,1,903,4635,1938,81,22,1,10,15,984,948,96.3,20
Petar MiÄ‡in,Udinese,21,1998,0.2,9,0,1,6,4,0,9,0,0,,0,0,4,18,11,1,1,0,0,0,8,7,87.5,2
Sergej MilinkoviÄ‡-SaviÄ‡,Lazio,25,1995,30.5,2229,83,451,1199,726,99,2185,25,46,54.3,29,3,1483,7633,3575,151,46,14,67,51,1996,1697,85.0,160
Luca Mora,Spezia,32,1988,1.3,74,3,16,44,19,2,73,2,3,66.7,2,1,50,152,81,2,1,0,3,2,79,59,74.7,3
RaÃºl Moro,Lazio,17,2002,0.1,4,0,3,0,1,1,4,0,2,0.0,0,0,2,0,0,0,0,0,0,0,4,2,50.0,0
Radja Nainggolan,Inter,32,1988,0.5,46,0,1,26,20,1,45,0,0,,0,0,34,120,44,2,1,0,1,2,45,39,86.7,3
Radja Nainggolan,Cagliari,32,1988,20.5,1091,34,189,571,436,32,1063,29,61,47.5,32,0,807,4949,2347,96,44,6,24,39,868,733,84.4,87
Pedro Obiang,Sassuolo,28,1992,16.3,1077,65,271,654,208,12,1060,12,15,80.0,12,0,716,3255,1557,57,17,0,9,6,822,771,93.8,19
Christian Oliva,Cagliari,24,1996,4.3,218,13,51,153,32,1,208,3,3,100.0,3,0,129,701,450,18,2,0,0,6,144,131,91.0,3
Mattia Pagliuca,Bologna,18,2002,0.1,6,0,1,2,3,1,6,1,1,100.0,1,0,4,18,0,0,0,0,1,1,9,5,55.6,2
Antonio Palumbo,Sampdoria,23,1996,0.1,2,0,0,1,1,1,2,0,0,,0,0,1,2,2,0,0,0,0,0,2,2,100.0,0
Martin Palumbo,Udinese,18,2002,0.7,22,0,2,10,10,1,22,0,0,,0,0,8,18,0,0,0,0,0,1,17,10,58.8,4
Matteo Pessina,Atalanta,23,1997,18.3,1153,21,162,616,446,70,1141,17,38,44.7,18,1,874,4177,1912,102,28,7,36,29,1087,858,78.9,139
Jacopo Petriccione,Crotone,25,1995,10.6,578,24,188,349,76,1,539,0,2,0.0,0,0,380,1682,861,28,8,1,0,7,429,403,93.9,7
Tommaso Pobega,Spezia,21,1999,13.7,584,29,111,337,168,32,584,4,6,66.7,4,0,350,1399,681,27,11,4,13,9,460,397,86.3,34
Andrea Poli,Bologna,30,1989,4.3,261,19,72,138,66,9,256,5,5,100.0,5,0,181,752,336,12,4,0,5,5,193,169,87.6,8
Erick Pulgar,Fiorentina,26,1994,22.2,1345,92,296,839,255,3,1218,11,13,84.6,12,0,763,3116,1254,48,11,0,9,11,828,783,94.6,16
Adrien Rabiot,Juventus,25,1995,25.7,1760,97,481,1024,415,46,1723,26,40,65.0,29,0,1236,8110,4059,142,56,9,21,28,1409,1301,92.3,77
Aaron Ramsey,Juventus,29,1990,12.1,862,17,122,446,352,71,840,12,19,63.2,12,1,619,3261,1471,79,22,9,24,10,821,702,85.5,113
Matteo Ricci,Spezia,26,1994,24.8,1843,47,381,1222,330,14,1732,9,15,60.0,11,0,1161,4809,2250,86,27,2,8,12,1348,1293,95.9,29
TomÃ¡s RincÃ³n,Torino,32,1988,31.6,1689,83,468,995,335,35,1625,29,41,70.7,29,2,1096,4669,2285,81,38,4,25,32,1247,1102,88.4,40
Marko Rog,Cagliari,25,1995,12.9,748,30,185,485,147,8,727,21,24,87.5,22,1,521,2886,1686,61,27,2,15,18,541,496,91.7,16
Marten de Roon,Atalanta,29,1991,33.6,2452,86,541,1556,483,18,2378,14,21,66.7,14,1,1646,7618,3895,154,30,3,13,12,1704,1635,96.0,29
NicolÃ² Rovella,Genoa,18,2001,13.2,966,48,298,579,147,5,933,9,12,75.0,9,0,697,3387,1605,54,13,2,12,8,723,678,93.8,9
FabiÃ¡n Ruiz PeÃ±a,Napoli,24,1996,28.5,2379,93,536,1409,615,48,2314,20,31,64.5,21,2,1714,8758,4597,186,55,9,14,18,2007,1888,94.1,99
Siriki Sanogo,Benevento,18,2001,0.1,8,0,1,6,1,0,7,0,0,,0,0,5,22,0,0,0,0,0,0,6,6,100.0,0
NicolÃ¡s Schiappacasse,Sassuolo,21,1999,0.2,2,0,0,0,2,0,2,0,0,,0,0,2,3,0,0,0,0,1,0,4,1,25.0,1
Pasquale Schiattarella,Benevento,33,1987,25.0,1559,69,446,1014,204,9,1473,13,18,72.2,16,0,981,4903,2817,91,26,1,20,13,1081,1028,95.1,14
Jerdy Schouten,Bologna,23,1997,27.9,1669,95,476,978,304,4,1645,39,65,60.0,43,0,1107,4827,1941,68,27,3,19,32,1108,1045,94.3,30
Matteo Scozzarella,Parma,32,1988,1.7,126,5,31,77,27,0,110,0,0,,0,0,65,357,192,9,2,0,0,2,94,86,91.5,2
Jacopo Segre,Torino,23,1997,2.1,130,1,30,92,20,5,129,3,6,50.0,4,1,95,536,297,11,3,1,0,3,113,102,90.3,3
LÃ©o Sena,Spezia,24,1995,9.8,721,17,135,523,141,3,704,22,28,78.6,22,0,568,4192,2489,125,31,1,5,12,558,527,94.4,9
Stefano Sensi,Inter,24,1995,6.7,509,7,79,233,228,19,469,10,17,58.8,10,1,383,1648,875,37,13,4,14,9,419,378,90.2,38
Luca Siligardi,Crotone,32,1988,0.5,31,0,2,15,16,1,31,0,1,0.0,0,0,21,90,30,1,0,0,1,1,31,22,71.0,8
Adrien Silva,Sampdoria,31,1989,17.8,1136,43,288,718,193,7,1089,10,15,66.7,10,0,701,2751,1285,55,15,0,12,18,782,728,93.1,22
Simon Sohm,Parma,19,2001,10.0,510,13,136,316,92,6,500,9,15,60.0,10,1,320,1537,842,29,9,1,10,11,431,375,87.0,18
Roberto Soriano,Bologna,29,1991,36.1,1886,70,295,1042,715,104,1860,41,61,67.2,43,0,1310,8361,4136,196,99,9,39,46,1854,1449,78.2,195
Kevin Strootman,Genoa,30,1990,14.6,998,25,223,628,207,15,949,9,11,81.8,9,1,641,2714,1265,61,22,4,9,7,770,688,89.4,26
Stefano Sturaro,Hellas Verona,27,1993,4.7,227,9,59,127,47,5,217,1,2,50.0,1,0,132,463,220,8,2,2,2,7,168,145,86.3,12
Stefano Sturaro,Genoa,27,1993,4.9,308,4,54,181,86,4,274,2,6,33.3,3,0,175,722,313,11,4,0,8,9,223,180,80.7,15
Mattias Svanberg,Bologna,21,1999,20.6,918,42,220,508,259,29,905,21,32,65.6,21,1,592,3131,1754,69,25,2,15,27,648,577,89.0,47
Adrien Tameze,Hellas Verona,26,1994,25.6,1307,58,297,773,311,22,1276,36,50,72.0,39,2,820,4207,2040,88,29,3,28,28,896,753,84.0,77
